{"cameraMode":{"drawMode":0,"name":"Shaded","section":"Shading Mode"},"sceneLighting":true,"audioPlay":false,"sceneViewState":{"m_AlwaysRefresh":false,"showFog":true,"showSkybox":false,"showFlares":true,"showImageEffects":true,"showParticleSystems":true,"showVisualEffectGraphs":true,"m_FxEnabled":true},"in2DMode":false,"pivot":{"x":5.232065200805664,"y":1.2882158756256104,"z":-10.076269149780274},"rotation":{"x":-0.14904315769672395,"y":-0.09566093236207962,"z":0.01448642648756504,"w":-0.9840913414955139},"size":14.047257423400879,"orthographic":false}